{
  "seed": "2512McKenzie",
  "type": "moon",
  "mode": "quad",
  "hasHeightMap": false,
  "params": {
    "radius": "0.5",
    "warpScale": "0",
    "heightScale": "0.062",
    "frequency": "0.65",
    "octaves": "5",
    "persistence": "0.17",
    "ridge": "0",
    "oceanLevel": "0.019",
    "snowLevel": "0.58",
    "moistureOffset": "0",
    "texMix": "0",
    "waterNoise": true,
    "enableTrees": false,
    "treeDensity": "87",
    "treeSize": "1"
  },
  "colors": {
    "ocean": "#2fa8c6",
    "beach": "#488480",
    "grass": "#41787c",
    "rock": "#e5e5e5",
    "snow": "#ffffff"
  }
}