{
  "seed": "4stqm",
  "type": "planet",
  "mode": "quad",
  "hasHeightMap": false,
  "params": {
    "radius": "0.85",
    "warpScale": "0.04",
    "heightScale": "0.062",
    "frequency": "0.65",
    "octaves": "1",
    "persistence": "0.29",
    "ridge": "0.01",
    "oceanLevel": "-0.904",
    "snowLevel": "0.58",
    "moistureOffset": "-0.6",
    "texMix": "0",
    "waterNoise": false,
    "enableTrees": false,
    "treeDensity": "0",
    "treeSize": "2.9"
  },
  "colors": {
    "ocean": "#d7f0f1",
    "beach": "#f7e6d0",
    "grass": "#c84e71",
    "rock": "#b7afa7",
    "snow": "#f6f6f6"
  }
}