{
  "seed": "odx8ou",
  "type": "planet",
  "mode": "quad",
  "hasHeightMap": false,
  "params": {
    "radius": "0.85",
    "warpScale": "0",
    "heightScale": "0.062",
    "frequency": "0.65",
    "octaves": "1",
    "persistence": "0.17",
    "ridge": "0.09",
    "oceanLevel": "-1",
    "snowLevel": "0.48",
    "moistureOffset": "-0.6",
    "texMix": "0",
    "waterNoise": false,
    "enableTrees": false,
    "treeDensity": "0",
    "treeSize": "2.9"
  },
  "colors": {
    "ocean": "#d0f3f6",
    "beach": "#f8f7d6",
    "grass": "#6360bb",
    "rock": "#d1cdb9",
    "snow": "#fefefe"
  }
}