{
  "seed": "1llwjk",
  "type": "planet",
  "mode": "quad",
  "hasHeightMap": false,
  "params": {
    "radius": "1.03",
    "warpScale": "0.02",
    "heightScale": "0.062",
    "frequency": "0.65",
    "octaves": "5",
    "persistence": "0.08",
    "ridge": "0.06",
    "oceanLevel": "-0.2",
    "snowLevel": "0.75",
    "moistureOffset": "0",
    "texMix": "0",
    "waterNoise": true,
    "enableTrees": true,
    "treeDensity": "0",
    "treeSize": "2.7"
  },
  "colors": {
    "ocean": "#bdccec",
    "beach": "#f9f5e1",
    "grass": "#7de79e",
    "rock": "#cabaa2",
    "snow": "#fafafa"
  }
}