{
  "seed": "fnepx",
  "type": "planet",
  "mode": "quad",
  "hasHeightMap": false,
  "params": {
    "radius": "0.97",
    "warpScale": "0",
    "heightScale": "0.062",
    "frequency": "0.65",
    "octaves": "1",
    "persistence": "0.12",
    "ridge": "0.1",
    "oceanLevel": "-0.213",
    "snowLevel": "1.2",
    "moistureOffset": "-0.6",
    "texMix": "0",
    "waterNoise": true,
    "enableTrees": true,
    "treeDensity": "23",
    "treeSize": "3"
  },
  "colors": {
    "ocean": "#ff00d0",
    "beach": "#f7f2d4",
    "grass": "#a9ef82",
    "rock": "#d2c8ae",
    "snow": "#d25151"
  }
}