{
  "seed": "d8wbg",
  "type": "planet",
  "mode": "quad",
  "hasHeightMap": false,
  "params": {
    "radius": "1",
    "warpScale": "0",
    "heightScale": "0.062",
    "frequency": "0.65",
    "octaves": "5",
    "persistence": "0.26",
    "ridge": "0.07",
    "oceanLevel": "0.007",
    "snowLevel": "0.46",
    "moistureOffset": "0",
    "texMix": "0",
    "waterNoise": true,
    "enableTrees": false,
    "treeDensity": "0",
    "treeSize": "1"
  },
  "colors": {
    "ocean": "#c5dbf4",
    "beach": "#fbf4e8",
    "grass": "#d49ee7",
    "rock": "#d3c1c1",
    "snow": "#fafafa"
  }
}