{
  "seed": "47lf48",
  "type": "planet",
  "mode": "quad",
  "hasHeightMap": false,
  "params": {
    "radius": "1.13",
    "warpScale": "0.01",
    "heightScale": "0.062",
    "frequency": "0.65",
    "octaves": "5",
    "persistence": "0.26",
    "ridge": "0",
    "oceanLevel": "-1",
    "snowLevel": "0.57",
    "moistureOffset": "0",
    "texMix": "0",
    "waterNoise": true,
    "enableTrees": true,
    "treeDensity": "0",
    "treeSize": "2.7"
  },
  "colors": {
    "ocean": "#d3e8f1",
    "beach": "#f7f1d1",
    "grass": "#c38158",
    "rock": "#c7c1b6",
    "snow": "#f5f5f5"
  }
}