{
  "seed": "2ih98j",
  "type": "planet",
  "mode": "quad",
  "hasHeightMap": false,
  "params": {
    "radius": "1",
    "warpScale": "0",
    "heightScale": "0.062",
    "frequency": "0.65",
    "octaves": "5",
    "persistence": "0.13",
    "ridge": "0.03",
    "oceanLevel": "-0.566",
    "snowLevel": "0.48",
    "moistureOffset": "0",
    "texMix": "0",
    "waterNoise": true,
    "enableTrees": true,
    "treeDensity": "68",
    "treeSize": "2.7"
  },
  "colors": {
    "ocean": "#d8e2ed",
    "beach": "#f8f5ee",
    "grass": "#64c484",
    "rock": "#cabba4",
    "snow": "#f6f6f6"
  }
}