{
  "seed": "ejoba",
  "type": "planet",
  "mode": "quad",
  "hasHeightMap": false,
  "params": {
    "radius": "0.97",
    "warpScale": "0",
    "heightScale": "0.062",
    "frequency": "0.65",
    "octaves": "1",
    "persistence": "0.28",
    "ridge": "0.11",
    "oceanLevel": "-1",
    "snowLevel": "0.67",
    "moistureOffset": "-0.6",
    "texMix": "0",
    "waterNoise": true,
    "enableTrees": true,
    "treeDensity": "0",
    "treeSize": "3"
  },
  "colors": {
    "ocean": "#c1e2e7",
    "beach": "#f7f3e3",
    "grass": "#e1b489",
    "rock": "#c4bdaa",
    "snow": "#f9f9f9"
  }
}