{
  "seed": "at9vvt",
  "type": "moon",
  "mode": "cube",
  "hasHeightMap": false,
  "params": {
    "radius": "0.33",
    "warpScale": "0.6",
    "heightScale": "0.062",
    "frequency": "0.65",
    "octaves": "1",
    "persistence": "0.53",
    "ridge": "1",
    "oceanLevel": "-0.95",
    "snowLevel": "1.2",
    "moistureOffset": "-0.6",
    "texMix": "0",
    "waterNoise": false,
    "enableTrees": false,
    "treeDensity": "95",
    "treeSize": "2.9"
  },
  "colors": {
    "ocean": "#000000",
    "beach": "#615c5c",
    "grass": "#ab9c82",
    "rock": "#dddddd",
    "snow": "#ffffff"
  }
}