{
  "seed": "ikqyv",
  "type": "moon",
  "mode": "quad",
  "hasHeightMap": false,
  "params": {
    "radius": "0.5",
    "warpScale": "0.68",
    "heightScale": "0.062",
    "frequency": "0.65",
    "octaves": "5",
    "persistence": "0",
    "ridge": "0.06",
    "oceanLevel": "-0.95",
    "snowLevel": "0.75",
    "moistureOffset": "0",
    "texMix": "0",
    "waterNoise": true,
    "enableTrees": false,
    "treeDensity": "0",
    "treeSize": "2.7"
  },
  "colors": {
    "ocean": "#000000",
    "beach": "#818181",
    "grass": "#a7a7a7",
    "rock": "#d1d1d1",
    "snow": "#ffffff"
  }
}