{
  "seed": "Gigantor",
  "type": "sun",
  "mode": "quad",
  "hasHeightMap": false,
  "params": {
    "radius": "2",
    "warpScale": "0.68",
    "heightScale": "0.062",
    "frequency": "0.65",
    "octaves": "5",
    "persistence": "0",
    "ridge": "0.06",
    "oceanLevel": "-1",
    "snowLevel": "0.75",
    "moistureOffset": "0",
    "texMix": "0",
    "waterNoise": true,
    "enableTrees": false,
    "treeDensity": "0",
    "treeSize": "2.7"
  },
  "colors": {
    "ocean": "#ffaa00",
    "beach": "#ff8800",
    "grass": "#ff4400",
    "rock": "#aa2200",
    "snow": "#ffffaa"
  }
}