{
  "seed": "at9vvt",
  "type": "planet",
  "mode": "cube",
  "hasHeightMap": false,
  "params": {
    "radius": "1",
    "warpScale": "0.86",
    "heightScale": "0.062",
    "frequency": "0.65",
    "octaves": "5",
    "persistence": "0.06",
    "ridge": "0.09",
    "oceanLevel": "-1",
    "snowLevel": "0.62",
    "moistureOffset": "0",
    "texMix": "0",
    "waterNoise": true,
    "enableTrees": true,
    "treeDensity": "95",
    "treeSize": "2.9"
  },
  "colors": {
    "ocean": "#c2cae3",
    "beach": "#faf8e9",
    "grass": "#83acdc",
    "rock": "#d8acac",
    "snow": "#fafafa"
  }
}