{
  "seed": "5uvji8",
  "type": "planet",
  "mode": "quad",
  "hasHeightMap": false,
  "params": {
    "radius": "1",
    "warpScale": "0.01",
    "heightScale": "0.062",
    "frequency": "0.65",
    "octaves": "5",
    "persistence": "0.14",
    "ridge": "0",
    "oceanLevel": "-0.68",
    "snowLevel": "0.72",
    "moistureOffset": "0",
    "texMix": "0",
    "waterNoise": true,
    "enableTrees": false,
    "treeDensity": "75",
    "treeSize": "1"
  },
  "colors": {
    "ocean": "#ccd2ea",
    "beach": "#f7f3d8",
    "grass": "#77d6f2",
    "rock": "#caafaf",
    "snow": "#fafafa"
  }
}