{
  "seed": "5hx7bc",
  "type": "planet",
  "mode": "quad",
  "hasHeightMap": false,
  "params": {
    "radius": "1.03",
    "warpScale": "0.06",
    "heightScale": "0.062",
    "frequency": "0.65",
    "octaves": "5",
    "persistence": "0.28",
    "ridge": "0.08",
    "oceanLevel": "-0.14",
    "snowLevel": "0.7",
    "moistureOffset": "0",
    "texMix": "0",
    "waterNoise": true,
    "enableTrees": true,
    "treeDensity": "0",
    "treeSize": "2.7"
  },
  "colors": {
    "ocean": "#cad6f6",
    "beach": "#f9efe5",
    "grass": "#af87f1",
    "rock": "#c59c9c",
    "snow": "#f9f9f9"
  }
}