{
  "seed": "e23zpf",
  "type": "planet",
  "mode": "quad",
  "hasHeightMap": false,
  "params": {
    "radius": "1",
    "warpScale": "0",
    "heightScale": "0.062",
    "frequency": "0.65",
    "octaves": "5",
    "persistence": "0.09",
    "ridge": "0",
    "oceanLevel": "-0.901",
    "snowLevel": "0.56",
    "moistureOffset": "0",
    "texMix": "0",
    "waterNoise": true,
    "enableTrees": true,
    "treeDensity": "17",
    "treeSize": "2.7"
  },
  "colors": {
    "ocean": "#ccdde9",
    "beach": "#f7eee0",
    "grass": "#cda1e4",
    "rock": "#cea0a0",
    "snow": "#ffffff"
  }
}